gpu,phase,batch,length,candidate_ms,external_ms,speedup,external,campaign,source_sha256,record_sha256
A100,prefill,1,1024,0.09656599909067154,0.08207900077104568,0.8499782692040171,FA2,archived_gpt6_20260905_06,2c28a4ca9f606452ea32c07e429f7878aac664f554001a5168512c72050a6665,eff1dfd23e088db003c73cf7e075f1f1817ac000b00d4abb4e65f0140946a7e5
A100,prefill,1,4096,1.0331720113754272,0.7836160063743591,0.7584564794115526,FA2,archived_gpt6_20260905_06,2c28a4ca9f606452ea32c07e429f7878aac664f554001a5168512c72050a6665,eff1dfd23e088db003c73cf7e075f1f1817ac000b00d4abb4e65f0140946a7e5
A100,prefill,1,8192,3.8617920875549316,2.829224109649658,0.73261947963671,FA2,archived_gpt6_20260905_06,2c28a4ca9f606452ea32c07e429f7878aac664f554001a5168512c72050a6665,eff1dfd23e088db003c73cf7e075f1f1817ac000b00d4abb4e65f0140946a7e5
A100,prefill,1,16384,15.102928161621094,10.686351776123047,0.7075682054344098,FA2,archived_gpt6_20260905_06,2c28a4ca9f606452ea32c07e429f7878aac664f554001a5168512c72050a6665,eff1dfd23e088db003c73cf7e075f1f1817ac000b00d4abb4e65f0140946a7e5
A100,decode,1,128,0.006080999970436096,0.0076339999213814735,1.255385620538657,"FlashInfer[fa2,TC,noPDL,graph,HND,plan_graph=False]",archived_gpt6_20260905_06,2c28a4ca9f606452ea32c07e429f7878aac664f554001a5168512c72050a6665,eff1dfd23e088db003c73cf7e075f1f1817ac000b00d4abb4e65f0140946a7e5
A100,decode,1,1024,0.014808000065386295,0.01142400037497282,0.7714749003598687,"FlashInfer[fa2,TC,noPDL,graph,NHD,plan_graph=False]",archived_gpt6_20260905_06,2c28a4ca9f606452ea32c07e429f7878aac664f554001a5168512c72050a6665,eff1dfd23e088db003c73cf7e075f1f1817ac000b00d4abb4e65f0140946a7e5
A100,decode,1,4096,0.03915800154209137,0.018735000863671303,0.4784462977134531,"FlashInfer[fa2,TC,noPDL,graph,NHD,plan_graph=False]",archived_gpt6_20260905_06,2c28a4ca9f606452ea32c07e429f7878aac664f554001a5168512c72050a6665,eff1dfd23e088db003c73cf7e075f1f1817ac000b00d4abb4e65f0140946a7e5
A100,decode,1,8192,0.07186400145292282,0.023868000134825706,0.3321273468255358,"FlashInfer[fa2,TC,noPDL,graph,HND,plan_graph=False]",archived_gpt6_20260905_06,2c28a4ca9f606452ea32c07e429f7878aac664f554001a5168512c72050a6665,eff1dfd23e088db003c73cf7e075f1f1817ac000b00d4abb4e65f0140946a7e5
A100,decode,4,128,0.00621799984946847,0.007919000461697578,1.2735607355111973,"FlashInfer[fa2,TC,noPDL,graph,NHD,plan_graph=False]",archived_gpt6_20260905_06,2c28a4ca9f606452ea32c07e429f7878aac664f554001a5168512c72050a6665,eff1dfd23e088db003c73cf7e075f1f1817ac000b00d4abb4e65f0140946a7e5
A100,decode,4,1024,0.023876000195741653,0.018269000574946404,0.7651616864287314,"FlashInfer[fa2,TC,noPDL,graph,NHD,plan_graph=False]",archived_gpt6_20260905_06,2c28a4ca9f606452ea32c07e429f7878aac664f554001a5168512c72050a6665,eff1dfd23e088db003c73cf7e075f1f1817ac000b00d4abb4e65f0140946a7e5
A100,decode,4,4096,0.07479099929332733,0.05338599905371666,0.7138024569552667,"FlashInfer[fa2,CUDA,noPDL,graph,HND,plan_graph=True]",archived_gpt6_20260905_06,2c28a4ca9f606452ea32c07e429f7878aac664f554001a5168512c72050a6665,eff1dfd23e088db003c73cf7e075f1f1817ac000b00d4abb4e65f0140946a7e5
A100,decode,4,8192,0.1392669975757599,0.09098199754953384,0.6532918719673017,"FlashInfer[fa2,TC,noPDL,graph,HND,plan_graph=True]",archived_gpt6_20260905_06,2c28a4ca9f606452ea32c07e429f7878aac664f554001a5168512c72050a6665,eff1dfd23e088db003c73cf7e075f1f1817ac000b00d4abb4e65f0140946a7e5
A100,decode,8,128,0.0064860000275075436,0.008186000399291515,1.2621030472670616,"FlashInfer[fa2,TC,noPDL,graph,NHD,plan_graph=False]",archived_gpt6_20260905_06,2c28a4ca9f606452ea32c07e429f7878aac664f554001a5168512c72050a6665,eff1dfd23e088db003c73cf7e075f1f1817ac000b00d4abb4e65f0140946a7e5
A100,decode,8,1024,0.03922199830412865,0.024983000010252,0.6369639766065208,"FlashInfer[fa2,TC,noPDL,graph,HND,plan_graph=True]",archived_gpt6_20260905_06,2c28a4ca9f606452ea32c07e429f7878aac664f554001a5168512c72050a6665,eff1dfd23e088db003c73cf7e075f1f1817ac000b00d4abb4e65f0140946a7e5
A100,decode,8,4096,0.11767099797725677,0.091279998421669,0.7757221404658388,"FlashInfer[fa2,TC,noPDL,graph,HND,plan_graph=True]",archived_gpt6_20260905_06,2c28a4ca9f606452ea32c07e429f7878aac664f554001a5168512c72050a6665,eff1dfd23e088db003c73cf7e075f1f1817ac000b00d4abb4e65f0140946a7e5
A100,decode,8,8192,0.22770799696445465,0.16598300635814667,0.7289291925221963,"FlashInfer[fa2,TC,noPDL,graph,HND,plan_graph=True]",archived_gpt6_20260905_06,2c28a4ca9f606452ea32c07e429f7878aac664f554001a5168512c72050a6665,eff1dfd23e088db003c73cf7e075f1f1817ac000b00d4abb4e65f0140946a7e5
A100,decode,16,128,0.009085999801754951,0.012122999876737595,1.3342505108129157,"FlashInfer[fa2,TC,noPDL,graph,HND,plan_graph=False]",archived_gpt6_20260905_06,2c28a4ca9f606452ea32c07e429f7878aac664f554001a5168512c72050a6665,eff1dfd23e088db003c73cf7e075f1f1817ac000b00d4abb4e65f0140946a7e5
A100,decode,16,1024,0.06628700345754623,0.05248799920082092,0.7918294154665939,"FlashInfer[fa2,TC,noPDL,graph,HND,plan_graph=False]",archived_gpt6_20260905_06,2c28a4ca9f606452ea32c07e429f7878aac664f554001a5168512c72050a6665,eff1dfd23e088db003c73cf7e075f1f1817ac000b00d4abb4e65f0140946a7e5
A100,decode,16,4096,0.2321079969406128,0.17037099599838257,0.7340160539232681,"FlashInfer[fa2,TC,noPDL,graph,HND,plan_graph=True]",archived_gpt6_20260905_06,2c28a4ca9f606452ea32c07e429f7878aac664f554001a5168512c72050a6665,eff1dfd23e088db003c73cf7e075f1f1817ac000b00d4abb4e65f0140946a7e5
A100,decode,16,8192,0.45110398530960083,0.3251720070838928,0.7208360326515878,"FlashInfer[fa2,TC,noPDL,graph,HND,plan_graph=True]",archived_gpt6_20260905_06,2c28a4ca9f606452ea32c07e429f7878aac664f554001a5168512c72050a6665,eff1dfd23e088db003c73cf7e075f1f1817ac000b00d4abb4e65f0140946a7e5
H200,prefill,1,1024,0.025073999539017677,0.02100300043821335,0.8376406167484591,FA3,archived_gpt6_20260905_06,86d0fb74648abf82b92ce3a3f08b1480f17fbdfcb028705c43dbd0ddc9571897,225f9ceed37e7aa514e647e01edfe3bbb38860129ca862eb9ad078dde4d47345
H200,prefill,1,4096,0.28863200545310974,0.2245039939880371,0.77782085751578,FA3,archived_gpt6_20260905_06,86d0fb74648abf82b92ce3a3f08b1480f17fbdfcb028705c43dbd0ddc9571897,225f9ceed37e7aa514e647e01edfe3bbb38860129ca862eb9ad078dde4d47345
H200,prefill,1,8192,1.1014959812164307,0.8640639781951904,0.7844458744560887,FA3,archived_gpt6_20260905_06,86d0fb74648abf82b92ce3a3f08b1480f17fbdfcb028705c43dbd0ddc9571897,225f9ceed37e7aa514e647e01edfe3bbb38860129ca862eb9ad078dde4d47345
H200,prefill,1,16384,4.315343856811523,3.328495979309082,0.7713165137594404,FA3,archived_gpt6_20260905_06,86d0fb74648abf82b92ce3a3f08b1480f17fbdfcb028705c43dbd0ddc9571897,225f9ceed37e7aa514e647e01edfe3bbb38860129ca862eb9ad078dde4d47345
H200,decode,1,128,0.003456000005826354,0.005789000075310469,1.6750578893376702,"FlashInfer[fa2,TC,PDL,graph,HND,plan_graph=False]",archived_gpt6_20260905_06,86d0fb74648abf82b92ce3a3f08b1480f17fbdfcb028705c43dbd0ddc9571897,225f9ceed37e7aa514e647e01edfe3bbb38860129ca862eb9ad078dde4d47345
H200,decode,1,1024,0.01016400009393692,0.008659999817609787,0.8520267352984081,"FlashInfer[fa2,TC,PDL,graph,NHD,plan_graph=False]",archived_gpt6_20260905_06,86d0fb74648abf82b92ce3a3f08b1480f17fbdfcb028705c43dbd0ddc9571897,225f9ceed37e7aa514e647e01edfe3bbb38860129ca862eb9ad078dde4d47345
H200,decode,1,4096,0.027241000905632973,0.01166400033980608,0.4281781121116649,"FlashInfer[fa2,CUDA,PDL,graph,HND,plan_graph=False]",archived_gpt6_20260905_06,86d0fb74648abf82b92ce3a3f08b1480f17fbdfcb028705c43dbd0ddc9571897,225f9ceed37e7aa514e647e01edfe3bbb38860129ca862eb9ad078dde4d47345
H200,decode,1,8192,0.050144001841545105,0.015231000259518623,0.30374520780468495,"FlashInfer[fa2,TC,PDL,graph,NHD,plan_graph=False]",archived_gpt6_20260905_06,86d0fb74648abf82b92ce3a3f08b1480f17fbdfcb028705c43dbd0ddc9571897,225f9ceed37e7aa514e647e01edfe3bbb38860129ca862eb9ad078dde4d47345
H200,decode,4,128,0.0035649999044835567,0.006138000171631575,1.7217392247085503,"FlashInfer[fa2,TC,PDL,graph,NHD,plan_graph=False]",archived_gpt6_20260905_06,86d0fb74648abf82b92ce3a3f08b1480f17fbdfcb028705c43dbd0ddc9571897,225f9ceed37e7aa514e647e01edfe3bbb38860129ca862eb9ad078dde4d47345
H200,decode,4,1024,0.011487999930977821,0.011301999911665916,0.9838091904222293,"FlashInfer[fa2,CUDA,PDL,graph,HND,plan_graph=False]",archived_gpt6_20260905_06,86d0fb74648abf82b92ce3a3f08b1480f17fbdfcb028705c43dbd0ddc9571897,225f9ceed37e7aa514e647e01edfe3bbb38860129ca862eb9ad078dde4d47345
H200,decode,4,4096,0.037202998995780945,0.02749199979007244,0.7389726777991797,"FlashInfer[fa2,TC,PDL,graph,HND,plan_graph=False]",archived_gpt6_20260905_06,86d0fb74648abf82b92ce3a3f08b1480f17fbdfcb028705c43dbd0ddc9571897,225f9ceed37e7aa514e647e01edfe3bbb38860129ca862eb9ad078dde4d47345
H200,decode,4,8192,0.07007099688053131,0.04226699844002724,0.6032024706611645,"FlashInfer[fa2,TC,PDL,graph,NHD,plan_graph=False]",archived_gpt6_20260905_06,86d0fb74648abf82b92ce3a3f08b1480f17fbdfcb028705c43dbd0ddc9571897,225f9ceed37e7aa514e647e01edfe3bbb38860129ca862eb9ad078dde4d47345
H200,decode,8,128,0.0036810000892728567,0.0062779998406767845,1.7055147211139943,"FlashInfer[fa2,TC,PDL,graph,NHD,plan_graph=False]",archived_gpt6_20260905_06,86d0fb74648abf82b92ce3a3f08b1480f17fbdfcb028705c43dbd0ddc9571897,225f9ceed37e7aa514e647e01edfe3bbb38860129ca862eb9ad078dde4d47345
H200,decode,8,1024,0.013740000315010548,0.014841999858617783,1.0802037495154446,"FlashInfer[fa2,TC,PDL,graph,NHD,plan_graph=False]",archived_gpt6_20260905_06,86d0fb74648abf82b92ce3a3f08b1480f17fbdfcb028705c43dbd0ddc9571897,225f9ceed37e7aa514e647e01edfe3bbb38860129ca862eb9ad078dde4d47345
H200,decode,8,4096,0.048395998775959015,0.042587000876665115,0.8799694593310149,"FlashInfer[fa2,TC,PDL,graph,NHD,plan_graph=False]",archived_gpt6_20260905_06,86d0fb74648abf82b92ce3a3f08b1480f17fbdfcb028705c43dbd0ddc9571897,225f9ceed37e7aa514e647e01edfe3bbb38860129ca862eb9ad078dde4d47345
H200,decode,8,8192,0.08862199634313583,0.07149799913167953,0.8067748649539125,"FlashInfer[fa2,TC,PDL,graph,NHD,plan_graph=False]",archived_gpt6_20260905_06,86d0fb74648abf82b92ce3a3f08b1480f17fbdfcb028705c43dbd0ddc9571897,225f9ceed37e7aa514e647e01edfe3bbb38860129ca862eb9ad078dde4d47345
H200,decode,16,128,0.004356000106781721,0.006945999804884195,1.5945821016097277,"FlashInfer[fa2,TC,PDL,graph,NHD,plan_graph=False]",archived_gpt6_20260905_06,86d0fb74648abf82b92ce3a3f08b1480f17fbdfcb028705c43dbd0ddc9571897,225f9ceed37e7aa514e647e01edfe3bbb38860129ca862eb9ad078dde4d47345
H200,decode,16,1024,0.021227000281214714,0.028109999373555183,1.3242567956449187,"FlashInfer[fa2,TC,PDL,graph,NHD,plan_graph=False]",archived_gpt6_20260905_06,86d0fb74648abf82b92ce3a3f08b1480f17fbdfcb028705c43dbd0ddc9571897,225f9ceed37e7aa514e647e01edfe3bbb38860129ca862eb9ad078dde4d47345
H200,decode,16,4096,0.07444900274276733,0.0728679969906807,0.9787639096046826,"FlashInfer[fa2,TC,PDL,graph,NHD,plan_graph=False]",archived_gpt6_20260905_06,86d0fb74648abf82b92ce3a3f08b1480f17fbdfcb028705c43dbd0ddc9571897,225f9ceed37e7aa514e647e01edfe3bbb38860129ca862eb9ad078dde4d47345
H200,decode,16,8192,0.15406599640846252,0.13420900702476501,0.8711137444562893,"FlashInfer[fa2,TC,PDL,graph,HND,plan_graph=False]",archived_gpt6_20260905_06,86d0fb74648abf82b92ce3a3f08b1480f17fbdfcb028705c43dbd0ddc9571897,225f9ceed37e7aa514e647e01edfe3bbb38860129ca862eb9ad078dde4d47345
H20,prefill,1,1024,0.08595400303602219,0.07957900315523148,0.9258324259997637,FA3,fresh_20260906,942b8bf9f739b3c6825a28b6914ad6bed83160dbcca71e4448f2d2a5dd2d1445,73ab8ee584d8ec1b29338932000069e52039791027bf3c089b9e41153f9a6278
H20,prefill,1,4096,1.0471320152282715,1.008463978767395,0.963072434135779,FA3,fresh_20260906,942b8bf9f739b3c6825a28b6914ad6bed83160dbcca71e4448f2d2a5dd2d1445,73ab8ee584d8ec1b29338932000069e52039791027bf3c089b9e41153f9a6278
H20,prefill,1,8192,3.9994399547576904,3.918328046798706,0.9797191834665515,FA3,fresh_20260906,942b8bf9f739b3c6825a28b6914ad6bed83160dbcca71e4448f2d2a5dd2d1445,73ab8ee584d8ec1b29338932000069e52039791027bf3c089b9e41153f9a6278
H20,prefill,1,16384,15.652560234069824,15.480079650878906,0.9889806791597268,FA3,fresh_20260906,942b8bf9f739b3c6825a28b6914ad6bed83160dbcca71e4448f2d2a5dd2d1445,73ab8ee584d8ec1b29338932000069e52039791027bf3c089b9e41153f9a6278
H20,decode,1,128,0.005311000160872936,0.00596500001847744,1.1231406209366428,"FlashInfer[fa2,TC,PDL,graph,HND,plan_graph=False]",fresh_20260906,942b8bf9f739b3c6825a28b6914ad6bed83160dbcca71e4448f2d2a5dd2d1445,73ab8ee584d8ec1b29338932000069e52039791027bf3c089b9e41153f9a6278
H20,decode,1,1024,0.011663000099360943,0.008750000037252903,0.7502357851932409,"FlashInfer[fa2,TC,PDL,graph,HND,plan_graph=False]",fresh_20260906,942b8bf9f739b3c6825a28b6914ad6bed83160dbcca71e4448f2d2a5dd2d1445,73ab8ee584d8ec1b29338932000069e52039791027bf3c089b9e41153f9a6278
H20,decode,1,4096,0.034557998180389404,0.014175999909639359,0.41020894311186695,"FlashInfer[fa2,TC,PDL,graph,HND,plan_graph=False]",fresh_20260906,942b8bf9f739b3c6825a28b6914ad6bed83160dbcca71e4448f2d2a5dd2d1445,73ab8ee584d8ec1b29338932000069e52039791027bf3c089b9e41153f9a6278
H20,decode,1,8192,0.05902799963951111,0.019074000418186188,0.3231347925505301,"FlashInfer[fa2,TC,PDL,graph,NHD,plan_graph=False]",fresh_20260906,942b8bf9f739b3c6825a28b6914ad6bed83160dbcca71e4448f2d2a5dd2d1445,73ab8ee584d8ec1b29338932000069e52039791027bf3c089b9e41153f9a6278
H20,decode,4,128,0.005495999939739704,0.006178000010550022,1.1240902616972406,"FlashInfer[fa2,TC,PDL,graph,HND,plan_graph=False]",fresh_20260906,942b8bf9f739b3c6825a28b6914ad6bed83160dbcca71e4448f2d2a5dd2d1445,73ab8ee584d8ec1b29338932000069e52039791027bf3c089b9e41153f9a6278
H20,decode,4,1024,0.016516000032424927,0.013783999718725681,0.8345846265236339,"FlashInfer[fa2,TC,PDL,graph,HND,plan_graph=False]",fresh_20260906,942b8bf9f739b3c6825a28b6914ad6bed83160dbcca71e4448f2d2a5dd2d1445,73ab8ee584d8ec1b29338932000069e52039791027bf3c089b9e41153f9a6278
H20,decode,4,4096,0.05432699993252754,0.03385100141167641,0.6230971975945351,"FlashInfer[fa2,TC,PDL,graph,HND,plan_graph=False]",fresh_20260906,942b8bf9f739b3c6825a28b6914ad6bed83160dbcca71e4448f2d2a5dd2d1445,73ab8ee584d8ec1b29338932000069e52039791027bf3c089b9e41153f9a6278
H20,decode,4,8192,0.10080300271511078,0.05629200115799904,0.5584357572868277,"FlashInfer[fa2,TC,PDL,graph,HND,plan_graph=False]",fresh_20260906,942b8bf9f739b3c6825a28b6914ad6bed83160dbcca71e4448f2d2a5dd2d1445,73ab8ee584d8ec1b29338932000069e52039791027bf3c089b9e41153f9a6278
H20,decode,8,128,0.005510000046342611,0.0064690001308918,1.1740472008136817,"FlashInfer[fa2,TC,PDL,graph,HND,plan_graph=False]",fresh_20260906,942b8bf9f739b3c6825a28b6914ad6bed83160dbcca71e4448f2d2a5dd2d1445,73ab8ee584d8ec1b29338932000069e52039791027bf3c089b9e41153f9a6278
H20,decode,8,1024,0.027055000886321068,0.019003000110387802,0.7023840135963797,"FlashInfer[fa2,TC,PDL,graph,HND,plan_graph=False]",fresh_20260906,942b8bf9f739b3c6825a28b6914ad6bed83160dbcca71e4448f2d2a5dd2d1445,73ab8ee584d8ec1b29338932000069e52039791027bf3c089b9e41153f9a6278
H20,decode,8,4096,0.0869859978556633,0.056386999785900116,0.6482307632943822,"FlashInfer[fa2,TC,PDL,graph,HND,plan_graph=True]",fresh_20260906,942b8bf9f739b3c6825a28b6914ad6bed83160dbcca71e4448f2d2a5dd2d1445,73ab8ee584d8ec1b29338932000069e52039791027bf3c089b9e41153f9a6278
H20,decode,8,8192,0.1639840006828308,0.10051999986171722,0.6129866294464769,"FlashInfer[fa2,TC,PDL,graph,HND,plan_graph=False]",fresh_20260906,942b8bf9f739b3c6825a28b6914ad6bed83160dbcca71e4448f2d2a5dd2d1445,73ab8ee584d8ec1b29338932000069e52039791027bf3c089b9e41153f9a6278
H20,decode,16,128,0.007867000065743923,0.00897900015115738,1.1413499524749657,"FlashInfer[fa2,CUDA,PDL,graph,NHD,plan_graph=False]",fresh_20260906,942b8bf9f739b3c6825a28b6914ad6bed83160dbcca71e4448f2d2a5dd2d1445,73ab8ee584d8ec1b29338932000069e52039791027bf3c089b9e41153f9a6278
H20,decode,16,1024,0.04440699890255928,0.031044000759720802,0.6990790084202619,"FlashInfer[fa2,TC,PDL,graph,HND,plan_graph=False]",fresh_20260906,942b8bf9f739b3c6825a28b6914ad6bed83160dbcca71e4448f2d2a5dd2d1445,73ab8ee584d8ec1b29338932000069e52039791027bf3c089b9e41153f9a6278
H20,decode,16,4096,0.14763499796390533,0.09764000028371811,0.6613607994737786,"FlashInfer[fa2,TC,PDL,graph,HND,plan_graph=False]",fresh_20260906,942b8bf9f739b3c6825a28b6914ad6bed83160dbcca71e4448f2d2a5dd2d1445,73ab8ee584d8ec1b29338932000069e52039791027bf3c089b9e41153f9a6278
H20,decode,16,8192,0.2871130108833313,0.18947699666023254,0.6599387331047382,"FlashInfer[fa2,TC,noPDL,graph,HND,plan_graph=False]",fresh_20260906,942b8bf9f739b3c6825a28b6914ad6bed83160dbcca71e4448f2d2a5dd2d1445,73ab8ee584d8ec1b29338932000069e52039791027bf3c089b9e41153f9a6278
